name,postal
BRUSSEL,1000
BRUSSEL,1020
SCHAARBEEK,1030
ETTERBEEK,1040
ELSENE,1050
SINT-GILLIS,1060
ANDERLECHT,1070
SINT-JANS-MOLENBEEK,1080
KOEKELBERG,1081
SINT-AGATHA-BERCHEM,1082
GANSHOREN,1083
JETTE,1090
BRUSSEL,1120
BRUSSEL,1130
EVERE,1140
SINT-PIETERS-WOLUWE,1150
OUDERGEM,1160
WATERMAAL-BOSVOORDE,1170
UKKEL,1180
VORST,1190
SINT-LAMBRECHTS-WOLUWE,1200
SINT-JOOST-TEN-NODE,1210
WAVRE,1300
WAVRE,1300
WAVRE,1301
LA HULPE,1310
INCOURT,1315
INCOURT,1315
INCOURT,1315
INCOURT,1315
INCOURT,1315
BEAUVECHAIN,1320
BEAUVECHAIN,1320
BEAUVECHAIN,1320
BEAUVECHAIN,1320
BEAUVECHAIN,1320
CHAUMONT-GISTOUX,1325
CHAUMONT-GISTOUX,1325
CHAUMONT-GISTOUX,1325
CHAUMONT-GISTOUX,1325
CHAUMONT-GISTOUX,1325
RIXENSART,1330
RIXENSART,1331
RIXENSART,1332
OTTIGNIES-LOUVAIN-LA-NEUVE,1340
OTTIGNIES-LOUVAIN-LA-NEUVE,1341
OTTIGNIES-LOUVAIN-LA-NEUVE,1342
OTTIGNIES-LOUVAIN-LA-NEUVE,1348
ORP-JAUCHE,1350
ORP-JAUCHE,1350
ORP-JAUCHE,1350
ORP-JAUCHE,1350
ORP-JAUCHE,1350
ORP-JAUCHE,1350
ORP-JAUCHE,1350
HELECINE,1357
HELECINE,1357
HELECINE,1357
PERWEZ,1360
PERWEZ,1360
PERWEZ,1360
PERWEZ,1360
PERWEZ,1360
RAMILLIES,1367
RAMILLIES,1367
RAMILLIES,1367
RAMILLIES,1367
RAMILLIES,1367
RAMILLIES,1367
RAMILLIES,1367
RAMILLIES,1367
JODOIGNE,1370
JODOIGNE,1370
JODOIGNE,1370
JODOIGNE,1370
JODOIGNE,1370
JODOIGNE,1370
JODOIGNE,1370
JODOIGNE,1370
JODOIGNE,1370
JODOIGNE,1370
LASNE,1380
LASNE,1380
LASNE,1380
LASNE,1380
LASNE,1380
GREZ-DOICEAU,1390
GREZ-DOICEAU,1390
GREZ-DOICEAU,1390
GREZ-DOICEAU,1390
GREZ-DOICEAU,1390
NIVELLES,1400
NIVELLES,1400
NIVELLES,1401
NIVELLES,1402
NIVELLES,1404
WATERLOO,1410
BRAINE-L'ALLEUD,1420
BRAINE-L'ALLEUD,1421
BRAINE-L'ALLEUD,1428
REBECQ,1430
REBECQ,1430
REBECQ,1430
MONT-SAINT-GUIBERT,1435
MONT-SAINT-GUIBERT,1435
MONT-SAINT-GUIBERT,1435
BRAINE-LE-CHATEAU,1440
BRAINE-LE-CHATEAU,1440
CHASTRE,1450
CHASTRE,1450
CHASTRE,1450
CHASTRE,1450
WALHAIN,1457
WALHAIN,1457
WALHAIN,1457
ITTRE,1460
ITTRE,1460
ITTRE,1461
GENAPPE,1470
GENAPPE,1470
GENAPPE,1470
GENAPPE,1471
GENAPPE,1472
GENAPPE,1473
GENAPPE,1474
GENAPPE,1476
TUBIZE,1480
TUBIZE,1480
TUBIZE,1480
TUBIZE,1480
COURT-SAINT-ETIENNE,1490
VILLERS-LA-VILLE,1495
VILLERS-LA-VILLE,1495
VILLERS-LA-VILLE,1495
VILLERS-LA-VILLE,1495
VILLERS-LA-VILLE,1495
HALLE,1500
HALLE,1501
HALLE,1502
HERNE,1540
HERNE,1540
HERNE,1541
BEVER,1547
HOEILAART,1560
GALMAARDEN,1570
GALMAARDEN,1570
GALMAARDEN,1570
SINT-PIETERS-LEEUW,1600
SINT-PIETERS-LEEUW,1600
SINT-PIETERS-LEEUW,1600
SINT-PIETERS-LEEUW,1601
SINT-PIETERS-LEEUW,1602
DROGENBOS,1620
LINKEBEEK,1630
SINT-GENESIUS-RODE,1640
BEERSEL,1650
BEERSEL,1651
BEERSEL,1652
BEERSEL,1653
BEERSEL,1654
PEPINGEN,1670
PEPINGEN,1670
PEPINGEN,1670
PEPINGEN,1671
PEPINGEN,1673
PEPINGEN,1674
DILBEEK,1700
DILBEEK,1700
DILBEEK,1700
DILBEEK,1701
DILBEEK,1702
DILBEEK,1703
ASSE,1730
ASSE,1730
ASSE,1730
ASSE,1730
ASSE,1731
ASSE,1731
TERNAT,1740
TERNAT,1741
TERNAT,1742
OPWIJK,1745
OPWIJK,1745
LENNIK,1750
LENNIK,1750
LENNIK,1750
GOOIK,1755
GOOIK,1755
GOOIK,1755
GOOIK,1755
ROOSDAAL,1760
ROOSDAAL,1760
ROOSDAAL,1760
ROOSDAAL,1760
ROOSDAAL,1761
LIEDEKERKE,1770
WEMMEL,1780
MERCHTEM,1785
MERCHTEM,1785
MERCHTEM,1785
AFFLIGEM,1790
AFFLIGEM,1790
AFFLIGEM,1790
AFFLIGEM,1790
VILVOORDE,1800
VILVOORDE,1800
STEENOKKERZEEL,1820
STEENOKKERZEEL,1820
STEENOKKERZEEL,1820
MACHELEN,1830
MACHELEN,1831
LONDERZEEL,1840
LONDERZEEL,1840
LONDERZEEL,1840
GRIMBERGEN,1850
GRIMBERGEN,1851
GRIMBERGEN,1852
GRIMBERGEN,1853
MEISE,1860
MEISE,1861
KAPELLE-OP-DEN-BOS,1880
KAPELLE-OP-DEN-BOS,1880
KAPELLE-OP-DEN-BOS,1880
KAMPENHOUT,1910
KAMPENHOUT,1910
KAMPENHOUT,1910
KAMPENHOUT,1910
ZAVENTEM,1930
ZAVENTEM,1930
ZAVENTEM,1932
ZAVENTEM,1933
KRAAINEM,1950
WEZEMBEEK-OPPEM,1970
ZEMST,1980
ZEMST,1980
ZEMST,1981
ZEMST,1982
ZEMST,1982
ANTWERPEN,2000
ANTWERPEN,2018
ANTWERPEN,2020
ANTWERPEN,2030
ANTWERPEN,2040
ANTWERPEN,2040
ANTWERPEN,2040
ANTWERPEN,2040
ANTWERPEN,2050
ANTWERPEN,2060
ZWIJNDRECHT,2070
ZWIJNDRECHT,2070
ANTWERPEN,2100
WIJNEGEM,2110
ANTWERPEN,2140
BORSBEEK,2150
WOMMELGEM,2160
ANTWERPEN,2170
ANTWERPEN,2180
HERENTALS,2200
HERENTALS,2200
HERENTALS,2200
HEIST-OP-DEN-BERG,2220
HEIST-OP-DEN-BERG,2220
HEIST-OP-DEN-BERG,2221
HEIST-OP-DEN-BERG,2222
HEIST-OP-DEN-BERG,2222
HEIST-OP-DEN-BERG,2223
HERSELT,2230
HERSELT,2230
HULSHOUT,2235
HULSHOUT,2235
HULSHOUT,2235
ZANDHOVEN,2240
ZANDHOVEN,2240
ZANDHOVEN,2240
ZANDHOVEN,2242
ZANDHOVEN,2243
OLEN,2250
WESTERLO,2260
WESTERLO,2260
WESTERLO,2260
WESTERLO,2260
HERENTHOUT,2270
LILLE,2275
LILLE,2275
LILLE,2275
LILLE,2275
GROBBENDONK,2280
GROBBENDONK,2288
VORSELAAR,2290
TURNHOUT,2300
RIJKEVORSEL,2310
HOOGSTRATEN,2320
HOOGSTRATEN,2321
HOOGSTRATEN,2322
HOOGSTRATEN,2323
HOOGSTRATEN,2328
MERKSPLAS,2330
BEERSE,2340
BEERSE,2340
VOSSELAAR,2350
OUD-TURNHOUT,2360
ARENDONK,2370
RAVELS,2380
RAVELS,2381
RAVELS,2382
BAARLE-HERTOG,2387
MALLE,2390
MALLE,2390
MALLE,2390
MOL,2400
LAAKDAL,2430
LAAKDAL,2430
LAAKDAL,2431
LAAKDAL,2431
GEEL,2440
MEERHOUT,2450
KASTERLEE,2460
KASTERLEE,2460
KASTERLEE,2460
RETIE,2470
DESSEL,2480
BALEN,2490
BALEN,2491
LIER,2500
LIER,2500
RANST,2520
RANST,2520
RANST,2520
RANST,2520
BOECHOUT,2530
BOECHOUT,2531
HOVE,2540
LINT,2547
KONTICH,2550
KONTICH,2550
NIJLEN,2560
NIJLEN,2560
NIJLEN,2560
DUFFEL,2570
PUTTE,2580
PUTTE,2580
BERLAAR,2590
BERLAAR,2590
ANTWERPEN,2600
ANTWERPEN,2610
HEMIKSEM,2620
SCHELLE,2627
AARTSELAAR,2630
MORTSEL,2640
EDEGEM,2650
ANTWERPEN,2660
MECHELEN,2800
MECHELEN,2800
MECHELEN,2801
MECHELEN,2811
MECHELEN,2811
MECHELEN,2812
BONHEIDEN,2820
BONHEIDEN,2820
WILLEBROEK,2830
WILLEBROEK,2830
WILLEBROEK,2830
WILLEBROEK,2830
RUMST,2840
RUMST,2840
RUMST,2840
NIEL,2845
BOOM,2850
SINT-KATELIJNE-WAVER,2860
SINT-KATELIJNE-WAVER,2861
PUURS-SINT-AMANDS,2870
PUURS-SINT-AMANDS,2870
PUURS-SINT-AMANDS,2870
PUURS-SINT-AMANDS,2870
BORNEM,2880
BORNEM,2880
BORNEM,2880
BORNEM,2880
PUURS-SINT-AMANDS,2890
PUURS-SINT-AMANDS,2890
PUURS-SINT-AMANDS,2890
SCHOTEN,2900
ESSEN,2910
KALMTHOUT,2920
BRASSCHAAT,2930
STABROEK,2940
STABROEK,2940
KAPELLEN,2950
BRECHT,2960
BRECHT,2960
BRECHT,2960
SCHILDE,2970
SCHILDE,2970
ZOERSEL,2980
ZOERSEL,2980
WUUSTWEZEL,2990
WUUSTWEZEL,2990
LEUVEN,3000
LEUVEN,3001
LEUVEN,3010
LEUVEN,3012
LEUVEN,3018
HERENT,3020
HERENT,3020
HERENT,3020
HULDENBERG,3040
HULDENBERG,3040
HULDENBERG,3040
HULDENBERG,3040
HULDENBERG,3040
OUD-HEVERLEE,3050
OUD-HEVERLEE,3051
OUD-HEVERLEE,3052
OUD-HEVERLEE,3053
OUD-HEVERLEE,3054
BERTEM,3060
BERTEM,3060
BERTEM,3061
KORTENBERG,3070
KORTENBERG,3071
KORTENBERG,3078
KORTENBERG,3078
TERVUREN,3080
TERVUREN,3080
TERVUREN,3080
OVERIJSE,3090
ROTSELAAR,3110
ROTSELAAR,3111
ROTSELAAR,3118
TREMELO,3120
TREMELO,3128
BEGIJNENDIJK,3130
BEGIJNENDIJK,3130
KEERBERGEN,3140
HAACHT,3150
HAACHT,3150
HAACHT,3150
BOORTMEERBEEK,3190
BOORTMEERBEEK,3191
AARSCHOT,3200
AARSCHOT,3200
AARSCHOT,3201
AARSCHOT,3202
LUBBEEK,3210
LUBBEEK,3210
LUBBEEK,3211
LUBBEEK,3212
HOLSBEEK,3220
HOLSBEEK,3220
HOLSBEEK,3220
HOLSBEEK,3221
SCHERPENHEUVEL-ZICHEM,3270
SCHERPENHEUVEL-ZICHEM,3271
SCHERPENHEUVEL-ZICHEM,3271
SCHERPENHEUVEL-ZICHEM,3272
SCHERPENHEUVEL-ZICHEM,3272
DIEST,3290
DIEST,3290
DIEST,3290
DIEST,3290
DIEST,3293
DIEST,3294
TIENEN,3300
TIENEN,3300
TIENEN,3300
TIENEN,3300
TIENEN,3300
TIENEN,3300
TIENEN,3300
TIENEN,3300
TIENEN,3300
HOEGAARDEN,3320
HOEGAARDEN,3320
HOEGAARDEN,3321
LINTER,3350
LINTER,3350
LINTER,3350
LINTER,3350
LINTER,3350
LINTER,3350
LINTER,3350
LINTER,3350
BIERBEEK,3360
BIERBEEK,3360
BIERBEEK,3360
BIERBEEK,3360
BOUTERSEM,3370
BOUTERSEM,3370
BOUTERSEM,3370
BOUTERSEM,3370
BOUTERSEM,3370
BOUTERSEM,3370
GLABBEEK,3380
GLABBEEK,3380
GLABBEEK,3381
GLABBEEK,3384
TIELT-WINGE,3390
TIELT-WINGE,3390
TIELT-WINGE,3390
TIELT-WINGE,3391
LANDEN,3400
LANDEN,3400
LANDEN,3400
LANDEN,3400
LANDEN,3400
LANDEN,3400
LANDEN,3400
LANDEN,3400
LANDEN,3401
LANDEN,3401
LANDEN,3401
LANDEN,3401
LANDEN,3404
LANDEN,3404
ZOUTLEEUW,3440
ZOUTLEEUW,3440
ZOUTLEEUW,3440
ZOUTLEEUW,3440
ZOUTLEEUW,3440
GEETBETS,3450
GEETBETS,3450
GEETBETS,3454
BEKKEVOORT,3460
BEKKEVOORT,3460
BEKKEVOORT,3461
KORTENAKEN,3470
KORTENAKEN,3470
KORTENAKEN,3470
KORTENAKEN,3471
KORTENAKEN,3472
KORTENAKEN,3473
HASSELT,3500
HASSELT,3500
HASSELT,3501
HASSELT,3510
HASSELT,3510
HASSELT,3511
HASSELT,3511
HASSELT,3512
ZONHOVEN,3520
HOUTHALEN-HELCHTEREN,3530
HOUTHALEN-HELCHTEREN,3530
HERK-DE-STAD,3540
HERK-DE-STAD,3540
HERK-DE-STAD,3540
HERK-DE-STAD,3540
HALEN,3545
HALEN,3545
HALEN,3545
HEUSDEN-ZOLDER,3550
HEUSDEN-ZOLDER,3550
HEUSDEN-ZOLDER,3550
LUMMEN,3560
LUMMEN,3560
LUMMEN,3560
ALKEN,3570
BERINGEN,3580
BERINGEN,3581
BERINGEN,3582
BERINGEN,3583
DIEPENBEEK,3590
GENK,3600
LANAKEN,3620
LANAKEN,3620
LANAKEN,3620
LANAKEN,3620
LANAKEN,3621
MAASMECHELEN,3630
MAASMECHELEN,3630
MAASMECHELEN,3630
MAASMECHELEN,3630
MAASMECHELEN,3630
MAASMECHELEN,3630
MAASMECHELEN,3630
MAASMECHELEN,3631
MAASMECHELEN,3631
KINROOI,3640
KINROOI,3640
KINROOI,3640
KINROOI,3640
DILSEN-STOKKEM,3650
DILSEN-STOKKEM,3650
DILSEN-STOKKEM,3650
DILSEN-STOKKEM,3650
DILSEN-STOKKEM,3650
DILSEN-STOKKEM,3650
OUDSBERGEN,3660
AS,3665
AS,3668
OUDSBERGEN,3670
OUDSBERGEN,3670
OUDSBERGEN,3670
OUDSBERGEN,3670
OUDSBERGEN,3670
MAASEIK,3680
MAASEIK,3680
MAASEIK,3680
ZUTENDAAL,3690
TONGEREN,3700
TONGEREN,3700
TONGEREN,3700
TONGEREN,3700
TONGEREN,3700
TONGEREN,3700
TONGEREN,3700
TONGEREN,3700
TONGEREN,3700
TONGEREN,3700
TONGEREN,3700
TONGEREN,3700
TONGEREN,3700
TONGEREN,3700
TONGEREN,3700
TONGEREN,3700
TONGEREN,3700
TONGEREN,3700
TONGEREN,3700
HERSTAPPE,3717
KORTESSEM,3720
KORTESSEM,3721
KORTESSEM,3722
KORTESSEM,3723
KORTESSEM,3724
HOESELT,3730
HOESELT,3730
HOESELT,3730
HOESELT,3730
HOESELT,3732
BILZEN,3740
BILZEN,3740
BILZEN,3740
BILZEN,3740
BILZEN,3740
BILZEN,3740
BILZEN,3740
BILZEN,3740
BILZEN,3740
BILZEN,3740
BILZEN,3740
BILZEN,3742
BILZEN,3746
RIEMST,3770
RIEMST,3770
RIEMST,3770
RIEMST,3770
RIEMST,3770
RIEMST,3770
RIEMST,3770
RIEMST,3770
RIEMST,3770
RIEMST,3770
VOEREN,3790
VOEREN,3790
VOEREN,3791
VOEREN,3792
VOEREN,3793
VOEREN,3798
SINT-TRUIDEN,3800
SINT-TRUIDEN,3800
SINT-TRUIDEN,3800
SINT-TRUIDEN,3800
SINT-TRUIDEN,3800
SINT-TRUIDEN,3800
SINT-TRUIDEN,3800
SINT-TRUIDEN,3800
SINT-TRUIDEN,3800
SINT-TRUIDEN,3800
SINT-TRUIDEN,3803
SINT-TRUIDEN,3803
SINT-TRUIDEN,3803
SINT-TRUIDEN,3803
SINT-TRUIDEN,3806
WELLEN,3830
WELLEN,3830
WELLEN,3831
WELLEN,3832
BORGLOON,3840
BORGLOON,3840
BORGLOON,3840
BORGLOON,3840
BORGLOON,3840
BORGLOON,3840
BORGLOON,3840
BORGLOON,3840
BORGLOON,3840
BORGLOON,3840
BORGLOON,3840
BORGLOON,3840
BORGLOON,3840
BORGLOON,3840
BORGLOON,3840
NIEUWERKERKEN,3850
NIEUWERKERKEN,3850
NIEUWERKERKEN,3850
NIEUWERKERKEN,3850
HEERS,3870
HEERS,3870
HEERS,3870
HEERS,3870
HEERS,3870
HEERS,3870
HEERS,3870
HEERS,3870
HEERS,3870
HEERS,3870
HEERS,3870
HEERS,3870
HEERS,3870
GINGELOM,3890
GINGELOM,3890
GINGELOM,3890
GINGELOM,3890
GINGELOM,3890
GINGELOM,3890
GINGELOM,3890
GINGELOM,3891
GINGELOM,3891
GINGELOM,3891
GINGELOM,3891
PELT,3900
PELT,3910
PELT,3910
LOMMEL,3920
HAMONT-ACHEL,3930
HAMONT-ACHEL,3930
HECHTEL-EKSEL,3940
HECHTEL-EKSEL,3941
HAM,3945
HAM,3945
BOCHOLT,3950
BOCHOLT,3950
BOCHOLT,3950
BREE,3960
BREE,3960
BREE,3960
BREE,3960
BREE,3960
LEOPOLDSBURG,3970
LEOPOLDSBURG,3971
TESSENDERLO,3980
PEER,3990
PEER,3990
PEER,3990
PEER,3990
LIEGE,4000
LIEGE,4000
LIEGE,4000
LIEGE,4020
LIEGE,4020
LIEGE,4020
LIEGE,4020
LIEGE,4030
LIEGE,4031
LIEGE,4032
HERSTAL,4040
HERSTAL,4041
HERSTAL,4041
HERSTAL,4042
CHAUDFONTAINE,4050
CHAUDFONTAINE,4051
CHAUDFONTAINE,4052
CHAUDFONTAINE,4053
SERAING,4100
SERAING,4100
SERAING,4101
SERAING,4102
NEUPRE,4120
NEUPRE,4120
NEUPRE,4121
NEUPRE,4122
ESNEUX,4130
ESNEUX,4130
SPRIMONT,4140
SPRIMONT,4140
SPRIMONT,4140
SPRIMONT,4140
SPRIMONT,4141
ANTHISNES,4160
ANTHISNES,4161
ANTHISNES,4162
ANTHISNES,4163
COMBLAIN-AU-PONT,4170
COMBLAIN-AU-PONT,4171
HAMOIR,4180
HAMOIR,4180
HAMOIR,4180
HAMOIR,4181
FERRIERES,4190
FERRIERES,4190
FERRIERES,4190
FERRIERES,4190
FERRIERES,4190
BURDINNE,4210
BURDINNE,4210
BURDINNE,4210
BURDINNE,4210
BURDINNE,4210
HERON,4217
HERON,4217
HERON,4217
HERON,4218
WASSEIGES,4219
WASSEIGES,4219
WASSEIGES,4219
WASSEIGES,4219
GEER,4250
GEER,4250
GEER,4250
GEER,4250
GEER,4252
GEER,4253
GEER,4254
BERLOZ,4257
BERLOZ,4257
BERLOZ,4257
BRAIVES,4260
BRAIVES,4260
BRAIVES,4260
BRAIVES,4260
BRAIVES,4260
BRAIVES,4260
BRAIVES,4261
BRAIVES,4263
HANNUT,4280
HANNUT,4280
HANNUT,4280
HANNUT,4280
HANNUT,4280
HANNUT,4280
HANNUT,4280
HANNUT,4280
HANNUT,4280
HANNUT,4280
HANNUT,4280
HANNUT,4280
HANNUT,4280
HANNUT,4280
HANNUT,4280
HANNUT,4280
HANNUT,4280
HANNUT,4280
LINCENT,4287
LINCENT,4287
LINCENT,4287
WAREMME,4300
WAREMME,4300
WAREMME,4300
WAREMME,4300
WAREMME,4300
WAREMME,4300
WAREMME,4300
FAIMES,4317
FAIMES,4317
FAIMES,4317
FAIMES,4317
FAIMES,4317
FAIMES,4317
AWANS,4340
AWANS,4340
AWANS,4340
AWANS,4340
AWANS,4342
FEXHE-LE-HAUT-CLOCHER,4347
FEXHE-LE-HAUT-CLOCHER,4347
FEXHE-LE-HAUT-CLOCHER,4347
FEXHE-LE-HAUT-CLOCHER,4347
FEXHE-LE-HAUT-CLOCHER,4347
REMICOURT,4350
REMICOURT,4350
REMICOURT,4350
REMICOURT,4350
REMICOURT,4351
DONCEEL,4357
DONCEEL,4357
DONCEEL,4357
DONCEEL,4357
OREYE,4360
OREYE,4360
OREYE,4360
OREYE,4360
OREYE,4360
CRISNEE,4367
CRISNEE,4367
CRISNEE,4367
CRISNEE,4367
CRISNEE,4367
FLEMALLE,4400
FLEMALLE,4400
FLEMALLE,4400
FLEMALLE,4400
FLEMALLE,4400
FLEMALLE,4400
FLEMALLE,4400
SAINT-NICOLAS,4420
SAINT-NICOLAS,4420
SAINT-NICOLAS,4420
ANS,4430
ANS,4431
ANS,4432
ANS,4432
JUPRELLE,4450
JUPRELLE,4450
JUPRELLE,4450
JUPRELLE,4451
JUPRELLE,4452
JUPRELLE,4452
JUPRELLE,4453
JUPRELLE,4458
GRACE-HOLLOGNE,4460
GRACE-HOLLOGNE,4460
GRACE-HOLLOGNE,4460
GRACE-HOLLOGNE,4460
GRACE-HOLLOGNE,4460
GRACE-HOLLOGNE,4460
SAINT-GEORGES-SUR-MEUSE,4470
ENGIS,4480
ENGIS,4480
ENGIS,4480
ENGIS,4480
HUY,4500
HUY,4500
HUY,4500
WANZE,4520
WANZE,4520
WANZE,4520
WANZE,4520
WANZE,4520
WANZE,4520
VILLERS-LE-BOUILLET,4530
VILLERS-LE-BOUILLET,4530
VILLERS-LE-BOUILLET,4530
VILLERS-LE-BOUILLET,4530
VILLERS-LE-BOUILLET,4530
VERLAINE,4537
VERLAINE,4537
VERLAINE,4537
VERLAINE,4537
AMAY,4540
AMAY,4540
AMAY,4540
AMAY,4540
AMAY,4540
NANDRIN,4550
NANDRIN,4550
NANDRIN,4550
NANDRIN,4550
TINLOT,4557
TINLOT,4557
TINLOT,4557
TINLOT,4557
TINLOT,4557
TINLOT,4557
CLAVIER,4560
CLAVIER,4560
CLAVIER,4560
CLAVIER,4560
CLAVIER,4560
CLAVIER,4560
MARCHIN,4570
MARCHIN,4570
MODAVE,4577
MODAVE,4577
MODAVE,4577
MODAVE,4577
OUFFET,4590
OUFFET,4590
OUFFET,4590
VISE,4600
VISE,4600
VISE,4600
VISE,4600
VISE,4601
VISE,4602
DALHEM,4606
DALHEM,4607
DALHEM,4607
DALHEM,4607
DALHEM,4607
DALHEM,4607
DALHEM,4608
DALHEM,4608
BEYNE-HEUSAY,4610
BEYNE-HEUSAY,4610
BEYNE-HEUSAY,4610
FLERON,4620
FLERON,4621
FLERON,4623
FLERON,4624
SOUMAGNE,4630
SOUMAGNE,4630
SOUMAGNE,4630
SOUMAGNE,4630
SOUMAGNE,4631
SOUMAGNE,4632
SOUMAGNE,4633
HERVE,4650
HERVE,4650
HERVE,4650
HERVE,4650
HERVE,4651
HERVE,4652
HERVE,4653
HERVE,4654
BLEGNY,4670
BLEGNY,4670
BLEGNY,4670
BLEGNY,4671
BLEGNY,4671
BLEGNY,4671
BLEGNY,4672
OUPEYE,4680
OUPEYE,4680
OUPEYE,4681
OUPEYE,4682
OUPEYE,4682
OUPEYE,4683
OUPEYE,4684
BASSENGE,4690
BASSENGE,4690
BASSENGE,4690
BASSENGE,4690
BASSENGE,4690
BASSENGE,4690
EUPEN,4700
EUPEN,4701
LONTZEN,4710
LONTZEN,4711
KELMIS,4720
KELMIS,4721
KELMIS,4728
RAEREN,4730
RAEREN,4730
RAEREN,4731
BUTGENBACH,4750
BUTGENBACH,4750
BÜLLINGEN,4760
BÜLLINGEN,4760
BÜLLINGEN,4761
AMEL,4770
AMEL,4770
AMEL,4771
SANKT-VITH,4780
SANKT-VITH,4780
SANKT-VITH,4782
SANKT-VITH,4783
SANKT-VITH,4784
BURG-REULAND,4790
BURG-REULAND,4791
VERVIERS,4800
VERVIERS,4800
VERVIERS,4800
VERVIERS,4800
VERVIERS,4800
VERVIERS,4801
VERVIERS,4802
DISON,4820
DISON,4821
LIMBOURG,4830
LIMBOURG,4831
LIMBOURG,4834
BAELEN,4837
BAELEN,4837
WELKENRAEDT,4840
WELKENRAEDT,4841
JALHAY,4845
JALHAY,4845
PLOMBIERES,4850
PLOMBIERES,4850
PLOMBIERES,4851
PLOMBIERES,4851
PLOMBIERES,4852
PEPINSTER,4860
PEPINSTER,4860
PEPINSTER,4860
PEPINSTER,4861
TROOZ,4870
TROOZ,4870
TROOZ,4870
OLNE,4877
AUBEL,4880
THIMISTER-CLERMONT,4890
THIMISTER-CLERMONT,4890
SPA,4900
THEUX,4910
THEUX,4910
THEUX,4910
AYWAILLE,4920
AYWAILLE,4920
AYWAILLE,4920
AYWAILLE,4920
AYWAILLE,4920
WEISMES,4950
WEISMES,4950
WEISMES,4950
WEISMES,4950
MALMEDY,4960
MALMEDY,4960
MALMEDY,4960
STAVELOT,4970
STAVELOT,4970
TROIS-PONTS,4980
TROIS-PONTS,4980
TROIS-PONTS,4980
TROIS-PONTS,4983
STOUMONT,4987
STOUMONT,4987
STOUMONT,4987
STOUMONT,4987
STOUMONT,4987
LIERNEUX,4990
LIERNEUX,4990
LIERNEUX,4990
NAMUR,5000
NAMUR,5000
NAMUR,5001
NAMUR,5002
NAMUR,5003
NAMUR,5004
NAMUR,5020
NAMUR,5020
NAMUR,5020
NAMUR,5020
NAMUR,5020
NAMUR,5020
NAMUR,5020
NAMUR,5021
NAMUR,5022
NAMUR,5024
NAMUR,5024
GEMBLOUX,5030
GEMBLOUX,5030
GEMBLOUX,5030
GEMBLOUX,5030
GEMBLOUX,5030
GEMBLOUX,5030
GEMBLOUX,5031
GEMBLOUX,5032
GEMBLOUX,5032
GEMBLOUX,5032
GEMBLOUX,5032
GEMBLOUX,5032
SAMBREVILLE,5060
SAMBREVILLE,5060
SAMBREVILLE,5060
SAMBREVILLE,5060
SAMBREVILLE,5060
SAMBREVILLE,5060
SAMBREVILLE,5060
FOSSES-LA-VILLE,5070
FOSSES-LA-VILLE,5070
FOSSES-LA-VILLE,5070
FOSSES-LA-VILLE,5070
FOSSES-LA-VILLE,5070
FOSSES-LA-VILLE,5070
LA BRUYERE,5080
LA BRUYERE,5080
LA BRUYERE,5080
LA BRUYERE,5080
LA BRUYERE,5081
LA BRUYERE,5081
LA BRUYERE,5081
NAMUR,5100
NAMUR,5100
NAMUR,5100
NAMUR,5100
NAMUR,5100
NAMUR,5101
NAMUR,5101
NAMUR,5101
SOMBREFFE,5140
SOMBREFFE,5140
SOMBREFFE,5140
SOMBREFFE,5140
FLOREFFE,5150
FLOREFFE,5150
FLOREFFE,5150
FLOREFFE,5150
PROFONDEVILLE,5170
PROFONDEVILLE,5170
PROFONDEVILLE,5170
PROFONDEVILLE,5170
PROFONDEVILLE,5170
PROFONDEVILLE,5170
JEMEPPE-SUR-SAMBRE,5190
JEMEPPE-SUR-SAMBRE,5190
JEMEPPE-SUR-SAMBRE,5190
JEMEPPE-SUR-SAMBRE,5190
JEMEPPE-SUR-SAMBRE,5190
JEMEPPE-SUR-SAMBRE,5190
JEMEPPE-SUR-SAMBRE,5190
JEMEPPE-SUR-SAMBRE,5190
ANDENNE,5300
ANDENNE,5300
ANDENNE,5300
ANDENNE,5300
ANDENNE,5300
ANDENNE,5300
ANDENNE,5300
ANDENNE,5300
ANDENNE,5300
ANDENNE,5300
EGHEZEE,5310
EGHEZEE,5310
EGHEZEE,5310
EGHEZEE,5310
EGHEZEE,5310
EGHEZEE,5310
EGHEZEE,5310
EGHEZEE,5310
EGHEZEE,5310
EGHEZEE,5310
EGHEZEE,5310
EGHEZEE,5310
EGHEZEE,5310
EGHEZEE,5310
EGHEZEE,5310
EGHEZEE,5310
ASSESSE,5330
ASSESSE,5330
ASSESSE,5330
ASSESSE,5332
ASSESSE,5333
ASSESSE,5334
ASSESSE,5336
GESVES,5340
GESVES,5340
GESVES,5340
GESVES,5340
GESVES,5340
OHEY,5350
OHEY,5350
OHEY,5351
OHEY,5352
OHEY,5353
OHEY,5354
HAMOIS,5360
HAMOIS,5360
HAMOIS,5361
HAMOIS,5361
HAMOIS,5362
HAMOIS,5363
HAMOIS,5364
HAVELANGE,5370
HAVELANGE,5370
HAVELANGE,5370
HAVELANGE,5370
HAVELANGE,5370
HAVELANGE,5370
HAVELANGE,5372
HAVELANGE,5374
HAVELANGE,5376
SOMME-LEUZE,5377
SOMME-LEUZE,5377
SOMME-LEUZE,5377
SOMME-LEUZE,5377
SOMME-LEUZE,5377
SOMME-LEUZE,5377
SOMME-LEUZE,5377
SOMME-LEUZE,5377
SOMME-LEUZE,5377
FERNELMONT,5380
FERNELMONT,5380
FERNELMONT,5380
FERNELMONT,5380
FERNELMONT,5380
FERNELMONT,5380
FERNELMONT,5380
FERNELMONT,5380
FERNELMONT,5380
FERNELMONT,5380
DINANT,5500
DINANT,5500
DINANT,5500
DINANT,5500
DINANT,5500
DINANT,5500
DINANT,5500
DINANT,5501
DINANT,5502
DINANT,5503
DINANT,5504
ONHAYE,5520
ONHAYE,5520
ONHAYE,5521
ONHAYE,5522
ONHAYE,5523
ONHAYE,5523
ONHAYE,5524
YVOIR,5530
YVOIR,5530
YVOIR,5530
YVOIR,5530
YVOIR,5530
YVOIR,5530
YVOIR,5530
YVOIR,5530
YVOIR,5530
ANHEE,5537
ANHEE,5537
ANHEE,5537
ANHEE,5537
ANHEE,5537
ANHEE,5537
ANHEE,5537
HASTIERE,5540
HASTIERE,5540
HASTIERE,5540
HASTIERE,5541
HASTIERE,5542
HASTIERE,5543
HASTIERE,5544
VRESSE-SUR-SEMOIS,5550
VRESSE-SUR-SEMOIS,5550
VRESSE-SUR-SEMOIS,5550
VRESSE-SUR-SEMOIS,5550
VRESSE-SUR-SEMOIS,5550
VRESSE-SUR-SEMOIS,5550
VRESSE-SUR-SEMOIS,5550
VRESSE-SUR-SEMOIS,5550
VRESSE-SUR-SEMOIS,5550
VRESSE-SUR-SEMOIS,5550
VRESSE-SUR-SEMOIS,5550
VRESSE-SUR-SEMOIS,5550
BIEVRE,5555
BIEVRE,5555
BIEVRE,5555
BIEVRE,5555
BIEVRE,5555
BIEVRE,5555
BIEVRE,5555
BIEVRE,5555
BIEVRE,5555
BIEVRE,5555
HOUYET,5560
HOUYET,5560
HOUYET,5560
HOUYET,5560
HOUYET,5560
HOUYET,5560
HOUYET,5561
HOUYET,5562
HOUYET,5563
HOUYET,5564
BEAURAING,5570
BEAURAING,5570
BEAURAING,5570
BEAURAING,5570
BEAURAING,5570
BEAURAING,5570
BEAURAING,5570
BEAURAING,5570
BEAURAING,5570
BEAURAING,5570
BEAURAING,5571
BEAURAING,5572
BEAURAING,5573
BEAURAING,5574
GEDINNE,5575
GEDINNE,5575
GEDINNE,5575
GEDINNE,5575
GEDINNE,5575
GEDINNE,5575
GEDINNE,5575
GEDINNE,5575
GEDINNE,5575
GEDINNE,5575
GEDINNE,5575
GEDINNE,5575
BEAURAING,5576
ROCHEFORT,5580
ROCHEFORT,5580
ROCHEFORT,5580
ROCHEFORT,5580
ROCHEFORT,5580
ROCHEFORT,5580
ROCHEFORT,5580
ROCHEFORT,5580
ROCHEFORT,5580
ROCHEFORT,5580
ROCHEFORT,5580
CINEY,5590
CINEY,5590
CINEY,5590
CINEY,5590
CINEY,5590
CINEY,5590
CINEY,5590
CINEY,5590
CINEY,5590
CINEY,5590
PHILIPPEVILLE,5600
PHILIPPEVILLE,5600
PHILIPPEVILLE,5600
PHILIPPEVILLE,5600
PHILIPPEVILLE,5600
PHILIPPEVILLE,5600
PHILIPPEVILLE,5600
PHILIPPEVILLE,5600
PHILIPPEVILLE,5600
PHILIPPEVILLE,5600
PHILIPPEVILLE,5600
PHILIPPEVILLE,5600
PHILIPPEVILLE,5600
PHILIPPEVILLE,5600
PHILIPPEVILLE,5600
PHILIPPEVILLE,5600
PHILIPPEVILLE,5600
FLORENNES,5620
FLORENNES,5620
FLORENNES,5620
FLORENNES,5620
FLORENNES,5620
FLORENNES,5620
FLORENNES,5620
FLORENNES,5621
FLORENNES,5621
FLORENNES,5621
FLORENNES,5621
CERFONTAINE,5630
CERFONTAINE,5630
CERFONTAINE,5630
CERFONTAINE,5630
CERFONTAINE,5630
CERFONTAINE,5630
METTET,5640
METTET,5640
METTET,5640
METTET,5640
METTET,5640
METTET,5640
METTET,5641
METTET,5644
METTET,5646
WALCOURT,5650
WALCOURT,5650
WALCOURT,5650
WALCOURT,5650
WALCOURT,5650
WALCOURT,5650
WALCOURT,5650
WALCOURT,5650
WALCOURT,5650
WALCOURT,5651
WALCOURT,5651
WALCOURT,5651
WALCOURT,5651
WALCOURT,5651
WALCOURT,5651
WALCOURT,5651
COUVIN,5660
COUVIN,5660
COUVIN,5660
COUVIN,5660
COUVIN,5660
COUVIN,5660
COUVIN,5660
COUVIN,5660
COUVIN,5660
COUVIN,5660
COUVIN,5660
COUVIN,5660
COUVIN,5660
COUVIN,5660
VIROINVAL,5670
VIROINVAL,5670
VIROINVAL,5670
VIROINVAL,5670
VIROINVAL,5670
VIROINVAL,5670
VIROINVAL,5670
VIROINVAL,5670
DOISCHE,5680
DOISCHE,5680
DOISCHE,5680
DOISCHE,5680
DOISCHE,5680
DOISCHE,5680
DOISCHE,5680
DOISCHE,5680
DOISCHE,5680
DOISCHE,5680
CHARLEROI,6000
CHARLEROI,6001
CHARLEROI,6010
CHARLEROI,6020
CHARLEROI,6030
CHARLEROI,6030
CHARLEROI,6031
CHARLEROI,6032
CHARLEROI,6040
CHARLEROI,6041
CHARLEROI,6042
CHARLEROI,6043
CHARLEROI,6044
CHARLEROI,6060
CHARLEROI,6061
MONTIGNY-LE-TILLEUL,6110
MONTIGNY-LE-TILLEUL,6111
HAM-SUR-HEURE,6120
HAM-SUR-HEURE,6120
HAM-SUR-HEURE,6120
HAM-SUR-HEURE,6120
HAM-SUR-HEURE,6120
FONTAINE-L'EVEQUE,6140
FONTAINE-L'EVEQUE,6141
FONTAINE-L'EVEQUE,6142
ANDERLUES,6150
COURCELLES,6180
COURCELLES,6181
COURCELLES,6182
COURCELLES,6183
CHATELET,6200
CHATELET,6200
CHATELET,6200
LES BONS VILLERS,6210
LES BONS VILLERS,6210
LES BONS VILLERS,6210
LES BONS VILLERS,6210
LES BONS VILLERS,6211
FLEURUS,6220
FLEURUS,6220
FLEURUS,6220
FLEURUS,6220
FLEURUS,6221
FLEURUS,6222
FLEURUS,6223
FLEURUS,6224
PONT-A-CELLES,6230
PONT-A-CELLES,6230
PONT-A-CELLES,6230
PONT-A-CELLES,6230
PONT-A-CELLES,6230
PONT-A-CELLES,6238
PONT-A-CELLES,6238
FARCIENNES,6240
FARCIENNES,6240
AISEAU-PRESLES,6250
AISEAU-PRESLES,6250
AISEAU-PRESLES,6250
AISEAU-PRESLES,6250
GERPINNES,6280
GERPINNES,6280
GERPINNES,6280
GERPINNES,6280
GERPINNES,6280
GERPINNES,6280
FROIDCHAPELLE,6440
FROIDCHAPELLE,6440
FROIDCHAPELLE,6440
FROIDCHAPELLE,6440
FROIDCHAPELLE,6441
CHIMAY,6460
CHIMAY,6460
CHIMAY,6460
CHIMAY,6460
CHIMAY,6460
CHIMAY,6460
CHIMAY,6461
CHIMAY,6462
CHIMAY,6463
CHIMAY,6464
CHIMAY,6464
CHIMAY,6464
CHIMAY,6464
CHIMAY,6464
SIVRY-RANCE,6470
SIVRY-RANCE,6470
SIVRY-RANCE,6470
SIVRY-RANCE,6470
SIVRY-RANCE,6470
BEAUMONT,6500
BEAUMONT,6500
BEAUMONT,6500
BEAUMONT,6500
BEAUMONT,6500
BEAUMONT,6500
BEAUMONT,6500
BEAUMONT,6511
THUIN,6530
THUIN,6530
THUIN,6531
THUIN,6532
THUIN,6533
THUIN,6534
THUIN,6536
THUIN,6536
LOBBES,6540
LOBBES,6540
LOBBES,6542
LOBBES,6543
ERQUELINNES,6560
ERQUELINNES,6560
ERQUELINNES,6560
ERQUELINNES,6560
ERQUELINNES,6560
ERQUELINNES,6560
MERBES-LE-CHATEAU,6567
MERBES-LE-CHATEAU,6567
MERBES-LE-CHATEAU,6567
MERBES-LE-CHATEAU,6567
MOMIGNIES,6590
MOMIGNIES,6591
MOMIGNIES,6592
MOMIGNIES,6593
MOMIGNIES,6594
MOMIGNIES,6596
MOMIGNIES,6596
BASTOGNE,6600
BASTOGNE,6600
BASTOGNE,6600
BASTOGNE,6600
BASTOGNE,6600
MARTELANGE,6630
FAUVILLERS,6637
FAUVILLERS,6637
FAUVILLERS,6637
VAUX-SUR-SURE,6640
VAUX-SUR-SURE,6640
VAUX-SUR-SURE,6640
VAUX-SUR-SURE,6640
VAUX-SUR-SURE,6640
VAUX-SUR-SURE,6640
VAUX-SUR-SURE,6642
HOUFFALIZE,6660
HOUFFALIZE,6660
HOUFFALIZE,6661
HOUFFALIZE,6661
HOUFFALIZE,6662
HOUFFALIZE,6663
HOUFFALIZE,6666
GOUVY,6670
GOUVY,6670
GOUVY,6671
GOUVY,6672
GOUVY,6673
GOUVY,6674
SAINTE-ODE,6680
SAINTE-ODE,6680
SAINTE-ODE,6681
BERTOGNE,6686
BERTOGNE,6687
BERTOGNE,6688
VIELSALM,6690
VIELSALM,6690
VIELSALM,6692
VIELSALM,6698
ARLON,6700
ARLON,6700
ARLON,6700
ARLON,6700
ARLON,6704
ARLON,6706
ATTERT,6717
ATTERT,6717
ATTERT,6717
ATTERT,6717
ATTERT,6717
HABAY,6720
HABAY,6720
HABAY,6721
HABAY,6723
HABAY,6724
HABAY,6724
TINTIGNY,6730
TINTIGNY,6730
TINTIGNY,6730
TINTIGNY,6730
ETALLE,6740
ETALLE,6740
ETALLE,6740
ETALLE,6741
ETALLE,6742
ETALLE,6743
SAINT-LEGER,6747
SAINT-LEGER,6747
SAINT-LEGER,6747
MUSSON,6750
MUSSON,6750
MUSSON,6750
VIRTON,6760
VIRTON,6760
VIRTON,6760
VIRTON,6760
VIRTON,6761
VIRTON,6762
ROUVROY,6767
ROUVROY,6767
ROUVROY,6767
ROUVROY,6767
MEIX-DEVANT-VIRTON,6769
MEIX-DEVANT-VIRTON,6769
MEIX-DEVANT-VIRTON,6769
MEIX-DEVANT-VIRTON,6769
MEIX-DEVANT-VIRTON,6769
MESSANCY,6780
MESSANCY,6780
MESSANCY,6780
MESSANCY,6781
MESSANCY,6782
AUBANGE,6790
AUBANGE,6791
AUBANGE,6792
AUBANGE,6792
LIBRAMONT-CHEVIGNY,6800
LIBRAMONT-CHEVIGNY,6800
LIBRAMONT-CHEVIGNY,6800
LIBRAMONT-CHEVIGNY,6800
LIBRAMONT-CHEVIGNY,6800
LIBRAMONT-CHEVIGNY,6800
LIBRAMONT-CHEVIGNY,6800
LIBRAMONT-CHEVIGNY,6800
CHINY,6810
CHINY,6810
CHINY,6810
CHINY,6811
CHINY,6812
CHINY,6813
FLORENVILLE,6820
FLORENVILLE,6820
FLORENVILLE,6820
FLORENVILLE,6820
FLORENVILLE,6821
FLORENVILLE,6823
FLORENVILLE,6824
BOUILLON,6830
BOUILLON,6830
BOUILLON,6830
BOUILLON,6830
BOUILLON,6831
BOUILLON,6832
BOUILLON,6833
BOUILLON,6833
BOUILLON,6834
BOUILLON,6836
BOUILLON,6838
NEUFCHATEAU,6840
NEUFCHATEAU,6840
NEUFCHATEAU,6840
NEUFCHATEAU,6840
NEUFCHATEAU,6840
NEUFCHATEAU,6840
PALISEUL,6850
PALISEUL,6850
PALISEUL,6850
PALISEUL,6851
PALISEUL,6852
PALISEUL,6852
PALISEUL,6853
PALISEUL,6856
LEGLISE,6860
LEGLISE,6860
LEGLISE,6860
LEGLISE,6860
LEGLISE,6860
SAINT-HUBERT,6870
SAINT-HUBERT,6870
SAINT-HUBERT,6870
SAINT-HUBERT,6870
SAINT-HUBERT,6870
SAINT-HUBERT,6870
BERTRIX,6880
BERTRIX,6880
BERTRIX,6880
BERTRIX,6880
BERTRIX,6880
HERBEUMONT,6887
HERBEUMONT,6887
HERBEUMONT,6887
LIBIN,6890
LIBIN,6890
LIBIN,6890
LIBIN,6890
LIBIN,6890
LIBIN,6890
LIBIN,6890
MARCHE-EN-FAMENNE,6900
MARCHE-EN-FAMENNE,6900
MARCHE-EN-FAMENNE,6900
MARCHE-EN-FAMENNE,6900
MARCHE-EN-FAMENNE,6900
MARCHE-EN-FAMENNE,6900
MARCHE-EN-FAMENNE,6900
WELLIN,6920
WELLIN,6920
WELLIN,6921
WELLIN,6922
WELLIN,6924
TELLIN,6927
TELLIN,6927
TELLIN,6927
TELLIN,6927
DAVERDISSE,6929
DAVERDISSE,6929
DAVERDISSE,6929
DAVERDISSE,6929
DURBUY,6940
DURBUY,6940
DURBUY,6940
DURBUY,6940
DURBUY,6940
DURBUY,6941
DURBUY,6941
DURBUY,6941
DURBUY,6941
DURBUY,6941
DURBUY,6941
DURBUY,6941
NASSOGNE,6950
NASSOGNE,6950
NASSOGNE,6951
NASSOGNE,6952
NASSOGNE,6953
NASSOGNE,6953
NASSOGNE,6953
NASSOGNE,6953
MANHAY,6960
MANHAY,6960
MANHAY,6960
MANHAY,6960
MANHAY,6960
MANHAY,6960
TENNEVILLE,6970
TENNEVILLE,6971
TENNEVILLE,6972
LA ROCHE-EN-ARDENNE,6980
LA ROCHE-EN-ARDENNE,6980
LA ROCHE-EN-ARDENNE,6982
LA ROCHE-EN-ARDENNE,6983
LA ROCHE-EN-ARDENNE,6984
LA ROCHE-EN-ARDENNE,6986
RENDEUX,6987
RENDEUX,6987
RENDEUX,6987
RENDEUX,6987
HOTTON,6990
HOTTON,6990
HOTTON,6990
HOTTON,6990
EREZEE,6997
EREZEE,6997
EREZEE,6997
EREZEE,6997
MONS,7000
MONS,7011
MONS,7012
MONS,7012
MONS,7020
MONS,7020
MONS,7021
MONS,7022
MONS,7022
MONS,7022
MONS,7022
MONS,7022
MONS,7024
MONS,7030
MONS,7031
MONS,7032
MONS,7033
MONS,7034
MONS,7034
QUEVY,7040
QUEVY,7040
QUEVY,7040
QUEVY,7040
QUEVY,7040
QUEVY,7040
QUEVY,7040
QUEVY,7040
QUEVY,7041
QUEVY,7041
JURBISE,7050
JURBISE,7050
JURBISE,7050
JURBISE,7050
JURBISE,7050
JURBISE,7050
SOIGNIES,7060
SOIGNIES,7060
SOIGNIES,7061
SOIGNIES,7061
SOIGNIES,7062
SOIGNIES,7063
SOIGNIES,7063
LE ROEULX,7070
LE ROEULX,7070
LE ROEULX,7070
LE ROEULX,7070
LE ROEULX,7070
FRAMERIES,7080
FRAMERIES,7080
FRAMERIES,7080
FRAMERIES,7080
FRAMERIES,7080
BRAINE-LE-COMTE,7090
BRAINE-LE-COMTE,7090
BRAINE-LE-COMTE,7090
BRAINE-LE-COMTE,7090
BRAINE-LE-COMTE,7090
BRAINE-LE-COMTE,7090
LA LOUVIERE,7100
LA LOUVIERE,7100
LA LOUVIERE,7100
LA LOUVIERE,7100
LA LOUVIERE,7100
LA LOUVIERE,7110
LA LOUVIERE,7110
LA LOUVIERE,7110
LA LOUVIERE,7110
LA LOUVIERE,7110
ESTINNES,7120
ESTINNES,7120
ESTINNES,7120
ESTINNES,7120
ESTINNES,7120
ESTINNES,7120
ESTINNES,7120
ESTINNES,7120
ESTINNES,7120
BINCHE,7130
BINCHE,7130
BINCHE,7130
BINCHE,7131
BINCHE,7133
BINCHE,7134
BINCHE,7134
BINCHE,7134
BINCHE,7134
MORLANWELZ,7140
MORLANWELZ,7141
MORLANWELZ,7141
CHAPELLE-LEZ-HERLAIMONT,7160
CHAPELLE-LEZ-HERLAIMONT,7160
CHAPELLE-LEZ-HERLAIMONT,7160
MANAGE,7170
MANAGE,7170
MANAGE,7170
MANAGE,7170
MANAGE,7170
SENEFFE,7180
SENEFFE,7181
SENEFFE,7181
SENEFFE,7181
SENEFFE,7181
ECAUSSINNES,7190
ECAUSSINNES,7190
ECAUSSINNES,7191
BOUSSU,7300
BOUSSU,7301
BERNISSART,7320
BERNISSART,7321
BERNISSART,7321
BERNISSART,7322
BERNISSART,7322
SAINT-GHISLAIN,7330
SAINT-GHISLAIN,7331
SAINT-GHISLAIN,7332
SAINT-GHISLAIN,7332
SAINT-GHISLAIN,7333
SAINT-GHISLAIN,7334
SAINT-GHISLAIN,7334
COLFONTAINE,7340
COLFONTAINE,7340
COLFONTAINE,7340
COLFONTAINE,7340
HENSIES,7350
HENSIES,7350
HENSIES,7350
HENSIES,7350
DOUR,7370
DOUR,7370
DOUR,7370
DOUR,7370
QUIEVRAIN,7380
QUIEVRAIN,7380
QUIEVRAIN,7382
HONNELLES,7387
HONNELLES,7387
HONNELLES,7387
HONNELLES,7387
HONNELLES,7387
HONNELLES,7387
HONNELLES,7387
HONNELLES,7387
HONNELLES,7387
HONNELLES,7387
QUAREGNON,7390
QUAREGNON,7390
TOURNAI,7500
TOURNAI,7500
TOURNAI,7500
TOURNAI,7501
TOURNAI,7502
TOURNAI,7503
TOURNAI,7504
TOURNAI,7506
TOURNAI,7520
TOURNAI,7520
TOURNAI,7521
TOURNAI,7522
TOURNAI,7522
TOURNAI,7522
TOURNAI,7522
TOURNAI,7530
TOURNAI,7531
TOURNAI,7532
TOURNAI,7533
TOURNAI,7534
TOURNAI,7534
TOURNAI,7536
TOURNAI,7538
TOURNAI,7540
TOURNAI,7540
TOURNAI,7540
TOURNAI,7540
TOURNAI,7542
TOURNAI,7543
TOURNAI,7548
PERUWELZ,7600
PERUWELZ,7601
PERUWELZ,7602
PERUWELZ,7603
PERUWELZ,7604
PERUWELZ,7604
PERUWELZ,7604
PERUWELZ,7604
PERUWELZ,7604
PERUWELZ,7608
RUMES,7610
RUMES,7611
RUMES,7618
BRUNEHAUT,7620
BRUNEHAUT,7620
BRUNEHAUT,7620
BRUNEHAUT,7620
BRUNEHAUT,7620
BRUNEHAUT,7621
BRUNEHAUT,7622
BRUNEHAUT,7623
BRUNEHAUT,7624
ANTOING,7640
ANTOING,7640
ANTOING,7640
ANTOING,7641
ANTOING,7642
ANTOING,7643
MOESKROEN,7700
MOESKROEN,7700
MOESKROEN,7711
MOESKROEN,7712
ESTAIMPUIS,7730
ESTAIMPUIS,7730
ESTAIMPUIS,7730
ESTAIMPUIS,7730
ESTAIMPUIS,7730
ESTAIMPUIS,7730
ESTAIMPUIS,7730
PECQ,7740
PECQ,7740
PECQ,7742
PECQ,7743
PECQ,7743
MONT-DE-L'ENCLUS,7750
MONT-DE-L'ENCLUS,7750
MONT-DE-L'ENCLUS,7750
MONT-DE-L'ENCLUS,7750
CELLES,7760
CELLES,7760
CELLES,7760
CELLES,7760
CELLES,7760
CELLES,7760
KOMEN-WAASTEN,7780
KOMEN-WAASTEN,7780
KOMEN-WAASTEN,7781
KOMEN-WAASTEN,7782
KOMEN-WAASTEN,7783
KOMEN-WAASTEN,7784
KOMEN-WAASTEN,7784
ATH,7800
ATH,7800
ATH,7801
ATH,7802
ATH,7803
ATH,7804
ATH,7804
ATH,7810
ATH,7811
ATH,7812
ATH,7812
ATH,7812
ATH,7812
ATH,7812
ATH,7812
ATH,7822
ATH,7822
ATH,7822
ATH,7823
SILLY,7830
SILLY,7830
SILLY,7830
SILLY,7830
SILLY,7830
SILLY,7830
SILLY,7830
SILLY,7830
EDINGEN,7850
EDINGEN,7850
EDINGEN,7850
LESSINES,7860
LESSINES,7861
LESSINES,7861
LESSINES,7862
LESSINES,7863
LESSINES,7864
LESSINES,7866
LESSINES,7866
LENS,7870
LENS,7870
LENS,7870
LENS,7870
LENS,7870
VLOESBERG,7880
ELLEZELLES,7890
ELLEZELLES,7890
ELLEZELLES,7890
LEUZE-EN-HAINAUT,7900
LEUZE-EN-HAINAUT,7900
LEUZE-EN-HAINAUT,7901
LEUZE-EN-HAINAUT,7903
LEUZE-EN-HAINAUT,7903
LEUZE-EN-HAINAUT,7903
LEUZE-EN-HAINAUT,7904
LEUZE-EN-HAINAUT,7904
LEUZE-EN-HAINAUT,7904
LEUZE-EN-HAINAUT,7906
FRASNES-LEZ-ANVAING,7910
FRASNES-LEZ-ANVAING,7910
FRASNES-LEZ-ANVAING,7910
FRASNES-LEZ-ANVAING,7910
FRASNES-LEZ-ANVAING,7910
FRASNES-LEZ-ANVAING,7910
FRASNES-LEZ-ANVAING,7910
FRASNES-LEZ-ANVAING,7911
FRASNES-LEZ-ANVAING,7911
FRASNES-LEZ-ANVAING,7911
FRASNES-LEZ-ANVAING,7911
FRASNES-LEZ-ANVAING,7911
FRASNES-LEZ-ANVAING,7911
FRASNES-LEZ-ANVAING,7911
FRASNES-LEZ-ANVAING,7912
FRASNES-LEZ-ANVAING,7912
BRUGELETTE,7940
BRUGELETTE,7940
BRUGELETTE,7941
BRUGELETTE,7942
BRUGELETTE,7943
CHIEVRES,7950
CHIEVRES,7950
CHIEVRES,7950
CHIEVRES,7950
CHIEVRES,7950
CHIEVRES,7951
BELOEIL,7970
BELOEIL,7971
BELOEIL,7971
BELOEIL,7971
BELOEIL,7971
BELOEIL,7972
BELOEIL,7972
BELOEIL,7972
BELOEIL,7973
BELOEIL,7973
BRUGGE,8000
BRUGGE,8000
OOSTKAMP,8020
OOSTKAMP,8020
OOSTKAMP,8020
OOSTKAMP,8020
BRUGGE,8200
BRUGGE,8200
ZEDELGEM,8210
ZEDELGEM,8210
ZEDELGEM,8210
ZEDELGEM,8211
KNOKKE-HEIST,8300
KNOKKE-HEIST,8300
KNOKKE-HEIST,8301
KNOKKE-HEIST,8301
BRUGGE,8310
BRUGGE,8310
DAMME,8340
DAMME,8340
DAMME,8340
DAMME,8340
DAMME,8340
DAMME,8340
BLANKENBERGE,8370
BLANKENBERGE,8370
ZUIENKERKE,8377
ZUIENKERKE,8377
ZUIENKERKE,8377
ZUIENKERKE,8377
BRUGGE,8380
BRUGGE,8380
BRUGGE,8380
OOSTENDE,8400
OOSTENDE,8400
OOSTENDE,8400
DE HAAN,8420
DE HAAN,8420
DE HAAN,8420
DE HAAN,8421
MIDDELKERKE,8430
MIDDELKERKE,8431
MIDDELKERKE,8432
MIDDELKERKE,8433
MIDDELKERKE,8433
MIDDELKERKE,8433
MIDDELKERKE,8433
MIDDELKERKE,8434
MIDDELKERKE,8434
BREDENE,8450
OUDENBURG,8460
OUDENBURG,8460
OUDENBURG,8460
OUDENBURG,8460
GISTEL,8470
GISTEL,8470
GISTEL,8470
GISTEL,8470
ICHTEGEM,8480
ICHTEGEM,8480
ICHTEGEM,8480
JABBEKE,8490
JABBEKE,8490
JABBEKE,8490
JABBEKE,8490
JABBEKE,8490
KORTRIJK,8500
KORTRIJK,8501
KORTRIJK,8501
KORTRIJK,8510
KORTRIJK,8510
KORTRIJK,8510
KORTRIJK,8510
KORTRIJK,8511
KUURNE,8520
HARELBEKE,8530
HARELBEKE,8531
HARELBEKE,8531
DEERLIJK,8540
ZWEVEGEM,8550
ZWEVEGEM,8551
ZWEVEGEM,8552
ZWEVEGEM,8553
ZWEVEGEM,8554
WEVELGEM,8560
WEVELGEM,8560
WEVELGEM,8560
ANZEGEM,8570
ANZEGEM,8570
ANZEGEM,8570
ANZEGEM,8570
ANZEGEM,8572
ANZEGEM,8573
AVELGEM,8580
AVELGEM,8581
AVELGEM,8581
AVELGEM,8582
AVELGEM,8583
SPIERE-HELKIJN,8587
SPIERE-HELKIJN,8587
DIKSMUIDE,8600
DIKSMUIDE,8600
DIKSMUIDE,8600
DIKSMUIDE,8600
DIKSMUIDE,8600
DIKSMUIDE,8600
DIKSMUIDE,8600
DIKSMUIDE,8600
DIKSMUIDE,8600
DIKSMUIDE,8600
DIKSMUIDE,8600
DIKSMUIDE,8600
DIKSMUIDE,8600
DIKSMUIDE,8600
DIKSMUIDE,8600
DIKSMUIDE,8600
KORTEMARK,8610
KORTEMARK,8610
KORTEMARK,8610
KORTEMARK,8610
NIEUWPOORT,8620
NIEUWPOORT,8620
NIEUWPOORT,8620
VEURNE,8630
VEURNE,8630
VEURNE,8630
VEURNE,8630
VEURNE,8630
VEURNE,8630
VEURNE,8630
VEURNE,8630
VEURNE,8630
VEURNE,8630
VEURNE,8630
VLETEREN,8640
VLETEREN,8640
VLETEREN,8640
LO-RENINGE,8647
LO-RENINGE,8647
LO-RENINGE,8647
LO-RENINGE,8647
HOUTHULST,8650
HOUTHULST,8650
HOUTHULST,8650
DE PANNE,8660
DE PANNE,8660
KOKSIJDE,8670
KOKSIJDE,8670
KOKSIJDE,8670
KOEKELARE,8680
KOEKELARE,8680
KOEKELARE,8680
ALVERINGEM,8690
ALVERINGEM,8690
ALVERINGEM,8690
ALVERINGEM,8690
ALVERINGEM,8691
ALVERINGEM,8691
ALVERINGEM,8691
ALVERINGEM,8691
ALVERINGEM,8691
TIELT,8700
TIELT,8700
TIELT,8700
TIELT,8700
WIELSBEKE,8710
WIELSBEKE,8710
WIELSBEKE,8710
DENTERGEM,8720
DENTERGEM,8720
DENTERGEM,8720
DENTERGEM,8720
BEERNEM,8730
BEERNEM,8730
BEERNEM,8730
PITTEM,8740
PITTEM,8740
WINGENE,8750
WINGENE,8750
RUISELEDE,8755
MEULEBEKE,8760
INGELMUNSTER,8770
OOSTROZEBEKE,8780
WAREGEM,8790
WAREGEM,8791
WAREGEM,8792
WAREGEM,8793
ROESELARE,8800
ROESELARE,8800
ROESELARE,8800
ROESELARE,8800
LICHTERVELDE,8810
TORHOUT,8820
HOOGLEDE,8830
HOOGLEDE,8830
STADEN,8840
STADEN,8840
STADEN,8840
ARDOOIE,8850
ARDOOIE,8851
LENDELEDE,8860
IZEGEM,8870
IZEGEM,8870
IZEGEM,8870
LEDEGEM,8880
LEDEGEM,8880
LEDEGEM,8880
MOORSLEDE,8890
MOORSLEDE,8890
IEPER,8900
IEPER,8900
IEPER,8900
IEPER,8900
IEPER,8902
IEPER,8902
IEPER,8902
IEPER,8904
IEPER,8904
IEPER,8906
IEPER,8908
LANGEMARK-POELKAPELLE,8920
LANGEMARK-POELKAPELLE,8920
LANGEMARK-POELKAPELLE,8920
MENEN,8930
MENEN,8930
MENEN,8930
WERVIK,8940
WERVIK,8940
HEUVELLAND,8950
HEUVELLAND,8951
HEUVELLAND,8952
HEUVELLAND,8953
HEUVELLAND,8954
HEUVELLAND,8956
MESEN,8957
HEUVELLAND,8958
POPERINGE,8970
POPERINGE,8970
POPERINGE,8972
POPERINGE,8972
POPERINGE,8972
POPERINGE,8978
ZONNEBEKE,8980
ZONNEBEKE,8980
ZONNEBEKE,8980
ZONNEBEKE,8980
ZONNEBEKE,8980
GENT,9000
GENT,9030
GENT,9031
GENT,9032
GENT,9040
GENT,9041
GENT,9042
GENT,9042
GENT,9042
GENT,9050
GENT,9050
GENT,9051
GENT,9051
GENT,9052
ZELZATE,9060
DESTELBERGEN,9070
DESTELBERGEN,9070
LOCHRISTI,9080
LOCHRISTI,9080
LOCHRISTI,9080
LOCHRISTI,9080
MELLE,9090
MELLE,9090
SINT-NIKLAAS,9100
SINT-NIKLAAS,9100
SINT-NIKLAAS,9111
SINT-NIKLAAS,9112
BEVEREN-WAAS,9120
BEVEREN-WAAS,9120
BEVEREN-WAAS,9120
BEVEREN-WAAS,9120
BEVEREN-WAAS,9120
BEVEREN-WAAS,9130
BEVEREN-WAAS,9130
BEVEREN-WAAS,9130
BEVEREN-WAAS,9130
TEMSE,9140
TEMSE,9140
TEMSE,9140
TEMSE,9140
KRUIBEKE,9150
KRUIBEKE,9150
KRUIBEKE,9150
LOKEREN,9160
LOKEREN,9160
LOKEREN,9160
SINT-GILLIS-WAAS,9170
SINT-GILLIS-WAAS,9170
SINT-GILLIS-WAAS,9170
SINT-GILLIS-WAAS,9170
MOERBEKE-WAAS,9180
WACHTEBEKE,9185
STEKENE,9190
STEKENE,9190
DENDERMONDE,9200
DENDERMONDE,9200
DENDERMONDE,9200
DENDERMONDE,9200
DENDERMONDE,9200
DENDERMONDE,9200
DENDERMONDE,9200
DENDERMONDE,9200
HAMME,9220
HAMME,9220
WETTEREN,9230
WETTEREN,9230
WETTEREN,9230
ZELE,9240
WAASMUNSTER,9250
BUGGENHOUT,9255
BUGGENHOUT,9255
WICHELEN,9260
WICHELEN,9260
WICHELEN,9260
LAARNE,9270
LAARNE,9270
LEBBEKE,9280
LEBBEKE,9280
LEBBEKE,9280
BERLARE,9290
BERLARE,9290
BERLARE,9290
AALST,9300
AALST,9308
AALST,9308
AALST,9310
AALST,9310
AALST,9310
AALST,9310
AALST,9320
AALST,9320
LEDE,9340
LEDE,9340
LEDE,9340
LEDE,9340
LEDE,9340
NINOVE,9400
NINOVE,9400
NINOVE,9400
NINOVE,9400
NINOVE,9400
NINOVE,9400
NINOVE,9400
NINOVE,9401
NINOVE,9402
NINOVE,9403
NINOVE,9404
NINOVE,9406
ERPE-MERE,9420
ERPE-MERE,9420
ERPE-MERE,9420
ERPE-MERE,9420
ERPE-MERE,9420
ERPE-MERE,9420
ERPE-MERE,9420
ERPE-MERE,9420
HAALTERT,9450
HAALTERT,9450
HAALTERT,9450
HAALTERT,9451
DENDERLEEUW,9470
DENDERLEEUW,9472
DENDERLEEUW,9473
GERAARDSBERGEN,9500
GERAARDSBERGEN,9500
GERAARDSBERGEN,9500
GERAARDSBERGEN,9500
GERAARDSBERGEN,9500
GERAARDSBERGEN,9500
GERAARDSBERGEN,9500
GERAARDSBERGEN,9500
GERAARDSBERGEN,9500
GERAARDSBERGEN,9506
GERAARDSBERGEN,9506
GERAARDSBERGEN,9506
GERAARDSBERGEN,9506
GERAARDSBERGEN,9506
GERAARDSBERGEN,9506
GERAARDSBERGEN,9506
SINT-LIEVENS-HOUTEM,9520
SINT-LIEVENS-HOUTEM,9520
SINT-LIEVENS-HOUTEM,9520
SINT-LIEVENS-HOUTEM,9520
SINT-LIEVENS-HOUTEM,9520
SINT-LIEVENS-HOUTEM,9521
HERZELE,9550
HERZELE,9550
HERZELE,9550
HERZELE,9550
HERZELE,9550
HERZELE,9550
HERZELE,9551
HERZELE,9552
LIERDE,9570
LIERDE,9570
LIERDE,9571
LIERDE,9572
RONSE,9600
ZOTTEGEM,9620
ZOTTEGEM,9620
ZOTTEGEM,9620
ZOTTEGEM,9620
ZOTTEGEM,9620
ZOTTEGEM,9620
ZOTTEGEM,9620
ZOTTEGEM,9620
ZOTTEGEM,9620
ZOTTEGEM,9620
ZOTTEGEM,9620
ZWALM,9630
ZWALM,9630
ZWALM,9630
ZWALM,9630
ZWALM,9630
ZWALM,9630
ZWALM,9630
ZWALM,9630
ZWALM,9630
ZWALM,9630
ZWALM,9630
ZWALM,9636
BRAKEL,9660
BRAKEL,9660
BRAKEL,9660
BRAKEL,9660
BRAKEL,9660
BRAKEL,9660
BRAKEL,9660
BRAKEL,9660
BRAKEL,9661
HOREBEKE,9667
HOREBEKE,9667
MAARKEDAL,9680
MAARKEDAL,9680
MAARKEDAL,9681
MAARKEDAL,9688
KLUISBERGEN,9690
KLUISBERGEN,9690
KLUISBERGEN,9690
KLUISBERGEN,9690
OUDENAARDE,9700
OUDENAARDE,9700
OUDENAARDE,9700
OUDENAARDE,9700
OUDENAARDE,9700
OUDENAARDE,9700
OUDENAARDE,9700
OUDENAARDE,9700
OUDENAARDE,9700
OUDENAARDE,9700
OUDENAARDE,9700
OUDENAARDE,9700
OUDENAARDE,9700
OUDENAARDE,9700
KRUISEM,9750
KRUISEM,9750
KRUISEM,9750
KRUISEM,9770
KRUISEM,9771
KRUISEM,9772
WORTEGEM-PETEGEM,9790
WORTEGEM-PETEGEM,9790
WORTEGEM-PETEGEM,9790
WORTEGEM-PETEGEM,9790
WORTEGEM-PETEGEM,9790
DEINZE,9800
DEINZE,9800
DEINZE,9800
DEINZE,9800
DEINZE,9800
DEINZE,9800
DEINZE,9800
DEINZE,9800
DEINZE,9800
DEINZE,9800
DEINZE,9800
NAZARETH,9810
NAZARETH,9810
MERELBEKE,9820
MERELBEKE,9820
MERELBEKE,9820
MERELBEKE,9820
MERELBEKE,9820
MERELBEKE,9820
SINT-MARTENS-LATEM,9830
SINT-MARTENS-LATEM,9831
DE PINTE,9840
DE PINTE,9840
DEINZE,9850
DEINZE,9850
DEINZE,9850
DEINZE,9850
DEINZE,9850
DEINZE,9850
OOSTERZELE,9860
OOSTERZELE,9860
OOSTERZELE,9860
OOSTERZELE,9860
OOSTERZELE,9860
OOSTERZELE,9860
ZULTE,9870
ZULTE,9870
ZULTE,9870
AALTER,9880
AALTER,9880
AALTER,9880
AALTER,9881
GAVERE,9890
GAVERE,9890
GAVERE,9890
GAVERE,9890
GAVERE,9890
GAVERE,9890
EEKLO,9900
AALTER,9910
AALTER,9910
LIEVEGEM,9920
LIEVEGEM,9921
LIEVEGEM,9930
LIEVEGEM,9931
LIEVEGEM,9932
EVERGEM,9940
EVERGEM,9940
EVERGEM,9940
EVERGEM,9940
LIEVEGEM,9950
ASSENEDE,9960
ASSENEDE,9961
ASSENEDE,9968
ASSENEDE,9968
KAPRIJKE,9970
KAPRIJKE,9971
SINT-LAUREINS,9980
SINT-LAUREINS,9981
SINT-LAUREINS,9982
SINT-LAUREINS,9988
SINT-LAUREINS,9988
MALDEGEM,9990
MALDEGEM,9991
MALDEGEM,9992
